,City,Country,2018_Population,Definition,City_Population,City_Area,City_Density,Metro_Population,Metro_Area,Metro_Density,Urban_Population,Urban_Area,Urban_Density
0,Tokyo,Japan,37400068,Metropolis prefecture,13515271,2191,"6,169[14]",37274000,13452,"2,771[15]",39105000,8231,"4,751[e]"
1,Delhi,India,28514000,Capital City,16753235,1484,"11,289[16]",29000000,3483,"8,326[17]",31870000,2233,"14,272[f]"
2,Shanghai,China,25582000,Municipality,24870895,6341,"3,922[18][19]",,,,22118000,4069,"5,436[g]"
3,São Paulo,Brazil,21650000,Municipality,12252023,1521,"8,055[20]",21734682,7947,"2,735[21]",22495000,3237,"6,949[h]"
4,Mexico City,Mexico,21581000,City-state,9209944,1485,"6,202[22]",21804515,7866,"2,772[23]",21505000,2385,9017
5,Cairo,Egypt,20076000,Urban governorate,9500000,3085,"3,079[24]",,,,19787000,2010,9844
6,Mumbai,India,19980000,Municipality,12478447,603,"20,694[25]",24400000,4355,"5,603[26]",22186000,1008,"22,010[27][i]"
7,Beijing,China,19618000,Municipality,21893095,16411,"1,334[18][19]",,,,19437000,4172,4659
8,Dhaka,Bangladesh,19578000,Capital city,8906039,338,"26,349[28][29]","14,543,124[30]",,,16839000,456,36928
9,Osaka,Japan,19281000,Designated city,2725006,225,"12,111[14]",19303000,13228,"1,459[15]",15490000,3020,"5,129[j]"
10,New York,United States,18819000,City,8804190,778,"11,316[31]",20140470,12093,"1,665[32]",23582649,34493,684[k]
11,Karachi,Pakistan,15400000,Metropolitan city,14910352,3530,"4,224[33][34]",16051521,3780,"4,246[35]",15292000,1044,"14,648[36]"
12,Buenos Aires,Argentina,14967000,Autonomous city,3054300,203,"15,046[37]","12,806,866[38]",,,16216000,3222,5033
13,Chongqing,China,14838000,Municipality,32054159,82403,389[39][19],,,,8261000,1536,5378
14,Istanbul,Turkey,14751000,Metropolitan municipality,15519267,5196,"2,987[40]",,,,15311000,1375,11135
15,Kolkata,India,14681000,Municipality,4496694,205,"21,935[41]",14035959,1851,"7,583[42]",18698000,1352,"13,830[43]"
16,Manila,Philippines,13482000,Capital city,1780148,43,"41,399 [44]",12877253,620,"20,770 [44]",23971000,1873,"12,798[l]"
17,Lagos,Nigeria,13463000,[m],,,,21000000,1171,"17,933[45]",15487000,1966,7877
18,Rio de Janeiro,Brazil,13293000,Municipality,6520000,1221,"5,340[46]",12644321,5327,"2,374[47]",12486000,2020,6181
19,Tianjin,China,13215000,Municipality,13866009,11920,"1,163[18][19]",,,,10932000,2813,3886
20,Kinshasa,DR Congo,13171000,City-province,11462000,9965,"1,150[48]",,,,15056000,466,32309
21,Guangzhou,China,12638000,City (sub-provincial),14498400,7434,"1,950[18]",,,,21489000,4341,"4,950[n]"
22,Los Angeles,United States,12458000,City,3990456,1214,"3,287[31]",13291486,12559,"1,058[49]",15477000,6351,2437
23,Moscow,Russia,12410000,Federal city,13200000,2511,"5,257[50][51]","20,004,462[52]",,,17693000,5879,3010
24,Shenzhen,China,11908000,City (sub-provincial),12528300,2050,"6,111[18]",,,,14678000,1803,8141
25,Lahore,Pakistan,11738000,Metropolitan city,11126000,1772,"6,279[33]",,,,11148000,852,13085
26,Bangalore,India,11440000,Municipality,8443675,709,"11,909[53]",,,,13999000,1204,11627
27,Paris,France,10901000,Commune,2148271,105,"20,460[54]",12244807,,,11027000,2844,3877
28,Bogotá,Colombia,10574000,Capital District,7963000,1587,"5,018[55]",12545272,5934,"2,114[56]",9274000,562,16502
29,Jakarta,Indonesia,10517000,Special capital region,10154134,664,"15,292[57]",33430285,7063,"4,733[58]",35362000,3541,"9,986[o]"
30,Chennai,India,10456000,Municipality,6727000,426,"15,791[59][60]",,,,11564000,1085,10658
31,Lima,Peru,10391000,Metropolitan municipality,8894000,2672,"3,329[61]",9569468,2819,"3,395[62]",8992000,891,10092
32,Bangkok,Thailand,10156000,Special administrative area,8305218,1569,"5,293[63]",16255900,7762,"2,094[64]",17573000,3199,"5,493[65]"
33,Seoul,South Korea,9963000,Special city,10013781,605,"16,208[66]",25514000,11704,"2,180[66]",22394000,2769,8087
34,Nagoya,Japan,9507000,Designated city,2320361,326,"7,118[14]",9363000,7271,"1,288[15]",9522000,3704,2571
35,Hyderabad,India,9482000,Municipality,6993262,650,"10,759[67][68]",,,,9840000,1274,7724
36,London,United Kingdom,9046000,Capital city,8825001,1572,"5,614[69]","14,372,596[70]",,,11120000,1738,6398
37,Tehran,Iran,8896000,Capital city,9033003,751,"12,028[71][72]",,,,13819000,1704,8110
38,Chicago,United States,8864000,City,2746388,589,"4,663[31]",9618502,18640,516[73],9013000,7006,1286
39,Chengdu,China,8813000,City (sub-provincial),16044700,14378,"1,116[18]",,,,11920000,1829,6517
40,Nanjing,China,8245000,City (sub-provincial),7260000,6582,"1,103[74]",,,,7729000,1614,4789
41,Wuhan,China,8176000,City (sub-provincial),10892900,8494,"1,282[18]",,,,9729000,1722,5650
42,Ho Chi Minh City,Vietnam,8145000,Municipality,7431000,2061,"3,606[75]",,,,13954000,1637,8524
43,Luanda,Angola,7774000,Municipality,2165867,116,"18,671[76]",,,,8883000,1005,8839
44,Ahmedabad,India,7681000,Municipality,5570585,464,"12,006[77]","6,300,000[78]",,,7717000,360,21436
45,Kuala Lumpur,Malaysia,7564000,City,1768000,243,"7,276[79]",7200000,2793,"2,578[80]",8639000,2163,3994
46,Xi'an,China,7444000,City (sub-provincial),8989000,10135,887[18],,,,7090000,1093,6487
47,Hong Kong,China,7429000,Special administrative region,7298600,1104,"6,611[81][82]",,,,7398000,290,25510
48,Dongguan,China,7360000,Prefecture-level city,8342500,2465,"3,384[18]",,,,8142000,1759,4629
49,Hangzhou,China,7236000,City (sub-provincial),9468000,16596,570[18],,,,6713000,1445,4646
50,Foshan,China,7236000,Prefecture-level city,7197394,3848,"1,870[18]",,,,N/A[83],,
51,Shenyang,China,6921000,City (sub-provincial),8294000,12980,639[18],,,,7208000,1515,"4,758[p]"
52,Riyadh,Saudi Arabia,6907000,Municipality,6694000,1913,"3,499[84]",,,,6889000,1673,4118
53,Baghdad,Iraq,6812000,Urban governorate,8126755,5200,"1,563[85]",,,,6107000,694,8800
54,Santiago,Chile,6680000,City (commune),236453,22,"10,748[86]",7112808,15403,462[87],7026000,1147,6126
55,Surat,India,6564000,Municipality,4466826,327,"13,660[88]",,,,4875000,238,20483
56,Madrid,Spain,6497000,Municipality,3266126,606,"5,390[89]",6641649,,,6006000,1365,4400
57,Suzhou,China,6339000,Prefecture-level city,10721700,8488,"1,263[18]",,,,5103000,1386,3682
58,Pune,India,6276000,Municipality,3124458,276,"11,321[90]",7276000,7256,"1,003[91]",7948000,650,12228
59,Harbin,China,6115000,City (sub-provincial),10635971,53068,200[18],,,,4583000,671,6830
60,Houston,United States,6115000,City,2325502,1553,"1,497[31]",6997384,21395,327[92],6529000,4931,1324
61,Dallas,United States,6099000,City,1345047,882,"1,525[31]",7470158,22463,333[93],6960000,5278,"1,319[q]"
62,Toronto,Canada,6082000,City,2731571,630,"4,336[94][95]",5928040,5906,"1,004[96]",6985000,2300,3037
63,Dar es Salaam,Tanzania,6048000,City,4364541,1393,3133,,,,7461000,961,7764
64,Miami,United States,6036000,City,470914,93,"5,069[31]",6158824,15890,388,6212000,3313,1875
65,Belo Horizonte,Brazil,5972000,City,2502557,331,7563,5156217,9459,545,5159000,1288,4005
66,Singapore,Singapore,5792000,Country,5638700,726,7770,,,,5271000,1287,4096
67,Philadelphia,United States,5695000,Consolidated city-county,1526006,370,4129,6096120,,,5697000,5429,1049
68,Atlanta,United States,5572000,City,420003,354,1186,5949951,21690,274,5434000,7400,734
69,Fukuoka,Japan,5551000,Designated city,1588924,343,4627,,,,2280000,505,4515
70,Khartoum,Sudan,5534000,,639598,22142,29,5274321,,,6017000,1031,5836
71,Barcelona,Spain,5494000,Municipality,1620343,101,"15,980[97]","5,474,482[98]",,,4735000,1072,4417
72,Johannesburg,South Africa,5486000,Metropolitan municipality,,,,,,,14167000,4040,"3,507[99]"
73,Saint Petersburg,Russia,5383000,Federal city,,,,,,,5207000,1373,3792
74,Qingdao,China,5381000,City (sub-provincial),,,,,,,6232000,1655,3766
75,Dalian,China,5300000,City (sub-provincial),,,,,,,3994000,987,4047
76,"Washington, D.C.",United States,5207000,Federal district,702455,177,"3,969[31]",6263245,17009,368[100],7583000,5501,"1,378[r]"
77,Yangon,Myanmar,5157000,City,,,,,,,6497000,603,10774
78,Alexandria,Egypt,5086000,Urban governorate,,,,,,,4857000,293,16577
79,Jinan,China,5052000,City (sub-provincial),8700000,10244,849,,,,4381000,798,5490
80,Guadalajara,Mexico,5023000,Municipality,1385621,151,"9,176[22]",5286642,3560,1485,5437000,313,"17,371[23]"
